chandler_odom;chan;1732059056-3953;fringilla.ornare.placerat@eros.com;7441 Malesuada Street
anjolie_lancaster;anjo;1613575148-3532;sem.semper@dictummiac.ca;1242 Nulla. Street
kibo_merrill;kibo;1469439990-1486;amet.ornare@odioauctor.ca;808-1879 Mi Street
hayes_orr;haye;1664711179-5194;Aliquam@tellusAeneanegestas.ca;P.O. Box 847, 821 Consectetuer St.
wade_pearson;wade;1445572146-8560;Suspendisse.tristique@sociisnatoque.org;Ap #795-709 In Rd.
gloria_buckley;glor;1249246581-0632;dolor@urna.org;795-5177 Purus. Avenue
tana_sparks;tana;1146177326-5631;Donec.nibh@Aliquam.ca;5663 Curabitur St.
perry_lawson;perr;1778527331-0497;posuere.at.velit@Nullamlobortis.ca;372-6836 Elit Rd.
kamal_chandler;kama;1261635413-9312;pede.Cum.sociis@amet.com;Ap #528-4122 Risus. St.
jenna_english;jenn;1886537607-3427;nec.ante@duiFuscediam.ca;P.O. Box 322, 9303 Libero. Ave
indigo_faulkner;indi;1997341235-8735;nisi.a.odio@pedenonummyut.com;P.O. Box 396, 7225 Sociis Ave
risa_floyd;risa;1495338335-7869;risus@ipsumCurabiturconsequat.org;Ap #260-8856 Ultrices Ave
wyatt_schmidt;wyat;1692375779-1084;turpis.Nulla@ultrices.edu;P.O. Box 926, 2947 Consequat Road
pandora_davis;pand;1934833523-8086;Pellentesque.ut.ipsum@nequenonquam.org;P.O. Box 435, 5018 Vestibulum Street
alice_kelly;alic;1824196130-9624;montes.nascetur.ridiculus@consectetueradipiscing.com;820-6251 Id, Ave
velma_avery;velm;1894399223-4295;Morbi.neque@Phasellusin.edu;4310 Diam. St.
brooke_guzman;broo;1597256245-6855;adipiscing@nibhenimgravida.ca;Ap #795-6634 Erat St.
nyssa_ashley;nyss;1789193589-8451;ante.Vivamus.non@maurisidsapien.org;272-2207 Eu Ave
james_woodard;jame;1397978656-8594;pede.Suspendisse@elementum.org;Ap #229-3092 Eleifend Ave
flynn_johnson;flyn;1177226524-4911;euismod.et@egestasascelerisque.ca;6841 A, Rd.
emery_gomez;emer;1199123621-3439;metus@urnanec.org;P.O. Box 551, 6667 Donec Rd.
briar_hanson;bria;1152786885-0186;sit.amet@ultricies.com;4339 Sapien, Avenue
hayes_lyons;haye;1106577983-1527;aliquam.arcu@neque.edu;Ap #213-964 Donec St.
jena_juarez;jena;1135571586-1540;Nullam@accumsan.ca;P.O. Box 224, 6711 Nulla Street
donna_farley;donn;1784839973-4430;gravida@a.com;P.O. Box 391, 341 Vitae St.
celeste_conway;cele;1324956730-5794;lobortis.Class@PhasellusnullaInteger.org;Ap #162-9475 Interdum. St.
audra_davis;audr;1125047460-3260;dignissim.pharetra@ametmassa.org;9781 Senectus Ave
lillith_koch;lill;1972963274-7895;erat@natoquepenatibus.ca;109-3389 Iaculis Ave
noelani_montoya;noel;1445301271-2444;ac@Donec.ca;426-499 Facilisis Road
emi_murray;emi_;1777043488-8881;rutrum.Fusce.dolor@Maurisquis.com;267-5371 Nec Road
dai_weber;dai_;1973909776-8193;interdum.feugiat.Sed@Suspendisse.org;Ap #808-7087 Dignissim Rd.
branden_perez;bran;1249678541-5412;pellentesque@vel.org;656-1403 Mauris Street
brandon_wiggins;bran;1777385533-1127;lectus.a@pharetra.org;686-3769 Luctus. St.
austin_bolton;aust;1657766444-8383;per.inceptos.hymenaeos@loremeu.org;4789 Pede, Road
fletcher_hutchinson;flet;1148678744-4111;venenatis.vel@luctussit.ca;Ap #724-2632 Lectus Ave
kermit_conner;kerm;1591926963-6423;luctus.et.ultrices@arcuetpede.ca;Ap #529-1225 Suspendisse Rd.
julian_townsend;juli;1926178668-5844;lorem.Donec@imperdiet.edu;3292 Nec Av.
tanya_peters;tany;1353767659-2770;a@Nullamscelerisqueneque.edu;2330 Malesuada Road
jayme_reeves;jaym;1396125850-1278;sit.amet.ornare@eleifendnecmalesuada.edu;885-1578 Id, St.
chaney_bullock;chan;1559706092-2271;risus.at.fringilla@nec.org;8850 A St.
curran_simpson;curr;1442254318-2889;ac.turpis.egestas@fermentum.edu;7468 Adipiscing Street
kiona_andrews;kion;1361153997-1134;elementum.dui@sagittisaugue.com;209-9510 Quam Ave
lana_dean;lana;1892642902-0550;ultrices.posuere@sociis.org;P.O. Box 139, 896 Ante Street
haley_freeman;hale;1874726618-3692;eu.eleifend.nec@Donec.org;4568 Aliquam Av.
josephine_jenkins;jose;1275188465-9485;fames@convallisante.org;569-9628 Libero Ave
quail_craft;quai;1352706880-9694;dictum@diamProin.com;351-3766 Ipsum Avenue
chiquita_mendoza;chiq;1162044294-9007;vitae.purus.gravida@miloremvehicula.edu;Ap #588-5618 Lobortis Av.
anthony_howell;anth;1557874834-9781;Quisque.porttitor.eros@vulputate.com;Ap #755-2018 Libero. Ave
maris_vinson;mari;1925539086-8697;tellus.Aenean.egestas@ProindolorNulla.com;Ap #135-3390 Et, Rd.
zephania_aguilar;zeph;1157216241-7807;vel.quam.dignissim@Nunclectus.org;P.O. Box 138, 660 Integer Street
karly_tucker;karl;1619919966-1833;est@Aenean.org;556-944 Enim Av.
yvonne_stout;yvon;1419478087-9978;pellentesque.a@augueporttitorinterdum.ca;505-8283 Rhoncus. Ave
russell_gentry;russ;1608607026-5945;augue.Sed.molestie@loremtristique.ca;339-8519 Duis Road
chantale_mcmahon;chan;1641424032-7497;magna.Ut.tincidunt@magna.edu;319-2277 Fermentum Rd.
evelyn_larsen;evel;1678494034-4684;odio.semper.cursus@massa.edu;Ap #343-7580 Non, St.
natalie_blankenship;nata;1203438006-5905;mauris@tortor.com;752-3112 Quisque Avenue
inez_parsons;inez;1409171373-7028;egestas@Integermollis.ca;955-2971 Ornare Road
naomi_jensen;naom;1202459858-0394;diam@felis.org;472-4092 Senectus Street
diana_garrett;dian;1863037249-7986;ac.metus@magnamalesuadavel.org;3513 Dolor Avenue
cameron_lawrence;came;1449882168-4711;mauris.sagittis.placerat@In.com;P.O. Box 767, 550 Dui Road
sonia_hicks;soni;1284599948-7308;Pellentesque@tincidunt.ca;680-4384 Sit Ave
wayne_morris;wayn;1894888962-5614;enim@odio.edu;3917 Morbi Rd.
chanda_riddle;chan;1983532111-5993;ante.bibendum.ullamcorper@faucibusut.edu;766-554 Sed Av.
rana_randolph;rana;1126444325-9671;Maecenas.mi.felis@parturientmontesnascetur.ca;Ap #679-803 Scelerisque Rd.
porter_harper;port;1902988114-5589;semper.egestas.urna@esttemporbibendum.edu;P.O. Box 719, 8626 Duis St.
alden_pratt;alde;1554527539-4275;mollis.vitae@sit.edu;175-1678 Augue Ave
mason_bray;maso;1478275639-2667;mauris@arcu.com;Ap #123-5831 Metus. Ave
merrill_copeland;merr;1313474751-9366;facilisis.magna.tellus@ipsumDonecsollicitudin.com;8955 Sed Road
malik_decker;mali;1738785916-2646;tellus.imperdiet@risusvariusorci.com;P.O. Box 182, 416 Tempor, St.
georgia_guzman;geor;1763535363-0580;convallis.ante.lectus@Vivamus.ca;6920 Euismod Av.
cynthia_cooley;cynt;1233236602-8653;arcu.Vestibulum.ante@dolorQuisque.ca;951-3232 Aenean St.
ruby_sellers;ruby;1267889011-3579;mauris.ut@perconubianostra.org;8886 Ante Street
deirdre_lindsey;deir;1439368184-8727;Cras.eu.tellus@erosturpisnon.edu;Ap #576-308 Integer St.
tad_boyd;tad_;1318134564-8229;pede@acturpisegestas.ca;462-8144 Luctus. Rd.
hasad_whitaker;hasa;1905986204-3388;tincidunt@necligulaconsectetuer.org;P.O. Box 526, 3236 Viverra. Rd.
belle_ashley;bell;1944784788-7749;nunc.id.enim@a.ca;P.O. Box 883, 5347 Mauris St.
knox_lester;knox;1971381224-0188;Ut@laciniamattis.edu;P.O. Box 835, 7193 Lorem, Rd.
shaine_young;shai;1988444414-7940;ultricies@quis.org;525-3039 Mattis Rd.
len_williams;len_;1868558446-9803;ante@metus.ca;2407 Sagittis Street
reese_kelly;rees;1229655641-3061;a.neque@quisaccumsanconvallis.ca;3722 Sem Av.
uriel_aguilar;urie;1304022544-4009;elementum.dui.quis@aliquam.com;P.O. Box 873, 1266 Elit. Street
jordan_romero;jord;1137327621-6522;fermentum@Donecegestas.org;P.O. Box 758, 8639 Diam Av.
madeline_lane;made;1264212249-6763;eu.lacus.Quisque@porttitortellusnon.edu;Ap #885-7009 Aenean Rd.
grady_kaufman;grad;1542317471-7929;euismod.mauris@aliquetmagna.ca;Ap #965-6433 Mi. St.
philip_christensen;phil;1341985427-7342;justo@etnetuset.ca;P.O. Box 655, 5131 Mauris. Road
addison_mcconnell;addi;1675247497-3728;pede@Maurisvestibulum.org;P.O. Box 775, 6577 Dui, Rd.
alisa_patrick;alis;1113519184-3318;vulputate@sit.edu;631-4678 Urna. St.
roth_haney;roth;1192798711-3205;Cras@tortornibhsit.org;Ap #118-7478 Sodales Ave
stone_bauer;ston;1816291291-9907;consequat@nascetur.edu;7113 Erat Rd.
wallace_kelly;wall;1562541521-2412;egestas.Fusce.aliquet@scelerisquedui.ca;P.O. Box 606, 7219 Turpis. Rd.
hayes_salinas;haye;1586181642-2927;justo@euenimEtiam.org;Ap #657-857 Ipsum Road
lynn_alvarado;lynn;1666304899-9706;molestie@idmollisnec.org;6410 Montes, Street
stella_jimenez;stel;1821427483-0244;Maecenas@Curabitursed.edu;809-5473 Sed Ave
isaiah_fry;isai;1273857688-1056;lectus.sit.amet@turpisAliquamadipiscing.com;Ap #675-2369 Risus. Street
rebekah_cannon;rebe;1909453624-4821;tincidunt.vehicula@consequat.org;769-9304 Nec Ave
rhea_washington;rhea;1256327236-7983;neque@sedsapienNunc.org;Ap #376-4604 Neque Ave
chester_franco;ches;1261149295-6239;elit.pharetra@necmauris.ca;P.O. Box 862, 7853 Massa Ave
shelby_schultz;shel;1542964134-2745;fames.ac.turpis@odio.com;776-1629 Donec Rd.
chester_rivera;ches;1946625175-1402;amet.risus.Donec@nonhendrerit.ca;P.O. Box 231, 2895 Amet, Street
irene_dennis;iren;1879097943-6787;sem.eget@pedeSuspendissedui.com;6062 Fringilla. Ave
freya_wagner;frey;1669794982-9817;hendrerit.consectetuer.cursus@varius.com;3537 Vulputate, St.
amelia_petersen;amel;1715778634-6030;at@pede.edu;628 Dui. Ave
simon_coleman;simo;1474114895-3631;Nulla@acmattis.ca;1069 Gravida. St.
elmo_summers;elmo;1276985112-4248;Maecenas@aliquetProin.ca;491-653 Velit Rd.
ciaran_daniels;ciar;1921049126-1002;aliquet@hendreritnequeIn.ca;P.O. Box 958, 9763 Ante, Rd.
chloe_pacheco;chlo;1542564584-5337;posuere.enim@nibhlaciniaorci.edu;837-4196 Nam Avenue
frances_gray;fran;1953971411-9844;ac.mattis.velit@Donec.com;795-4654 Sit Ave
howard_tran;howa;1497821773-7442;nec.mauris.blandit@sed.edu;7841 Donec Street
illana_fox;illa;1616461309-0811;ac.mattis@nequeNullam.com;P.O. Box 545, 8030 Suspendisse Rd.
marsden_lowery;mars;1595238954-3146;Nunc@mollisPhaselluslibero.org;Ap #466-754 Nulla Ave
victor_gonzales;vict;1708464969-2971;"adipiscing.lobortis@Curae;Donec.org";P.O. Box 959, 179 Mauris Avenue
noble_sellers;nobl;1723716414-8888;scelerisque.scelerisque@orci.com;Ap #831-7544 Arcu. St.
harlan_baker;harl;1749728440-1665;ac.turpis.egestas@magnaa.ca;Ap #479-6589 Donec St.
brenna_park;bren;1785415165-8932;malesuada.augue@Integersem.edu;P.O. Box 492, 4627 Aliquet Ave
zia_raymond;zia_;1662278953-3795;aliquam.enim@risusMorbi.ca;P.O. Box 122, 6629 Eu Ave
deborah_zimmerman;debo;1434832593-8727;non@orci.org;P.O. Box 155, 8560 Velit. Rd.
simone_olsen;simo;1507237661-5030;euismod@ipsumSuspendissesagittis.ca;Ap #827-1085 Sociis St.
carly_kerr;carl;1626403019-2468;risus@nonummyut.edu;3358 Accumsan Street
zane_ruiz;zane;1904715277-8180;imperdiet@Nunc.com;Ap #553-7014 Vivamus Street
sade_mosley;sade;1205403406-2225;adipiscing.lacus.Ut@aliquameros.ca;4735 Enim Road
ramona_ewing;ramo;1209677397-8481;ipsum.nunc.id@Donecfeugiatmetus.edu;P.O. Box 162, 118 Diam. Rd.
darius_tyler;dari;1457931049-7260;vitae@cursusinhendrerit.edu;P.O. Box 826, 5958 Eget Rd.
dieter_stanton;diet;1339268615-5556;felis@conubianostra.edu;Ap #380-234 Vel Road
patricia_fowler;patr;1581019359-5172;vitae@adipiscingenimmi.ca;862-1927 Dui Avenue
kelsie_finley;kels;1606679160-1894;Vestibulum@sed.org;P.O. Box 161, 6221 Sociosqu Ave
willow_lee;will;1534796392-9710;ante.dictum@per.edu;P.O. Box 798, 338 Scelerisque Rd.
preston_barlow;pres;1771376910-6069;porttitor@aliquetPhasellusfermentum.edu;328-4854 Elit. St.
ivy_wyatt;ivy_;1157028809-2851;malesuada.malesuada.Integer@auctorvitaealiquet.edu;P.O. Box 720, 7510 Ipsum. Avenue
dieter_osborne;diet;1959499557-6854;neque.sed.dictum@congueturpisIn.ca;Ap #671-6384 Fames Rd.
quinn_harrell;quin;1691327377-7762;Vivamus@sitametrisus.ca;161-7234 Lorem, Avenue
emery_vang;emer;1485069650-9773;penatibus.et@amet.edu;Ap #332-6128 Aliquet Rd.
ira_meyers;ira_;1677306781-7413;semper@tortordictum.ca;766-5120 Nec Street
maile_britt;mail;1114669236-5422;ut@elit.org;Ap #730-6208 Vivamus Av.
macey_green;mace;1801362485-0452;fermentum.arcu.Vestibulum@ametornarelectus.org;1244 Vulputate Rd.
ignacia_landry;igna;1522188578-6158;magna.sed@Proinnon.ca;1813 Lobortis Av.
olympia_cabrera;olym;1787692144-3531;ac@tellus.edu;1505 Vel Rd.
zia_henry;zia_;1193911088-8489;placerat.augue@Aliquamgravida.ca;7737 Lacinia St.
darius_quinn;dari;1994704212-5145;nonummy@imperdietnec.org;525-3546 Dui Avenue
courtney_garcia;cour;1133861853-6678;vestibulum.massa.rutrum@volutpat.com;Ap #326-222 Neque St.
eden_jacobson;eden;1959373315-1760;ac@Nuncac.ca;7805 Ut, Ave
kirsten_daniel;kirs;1658862356-2845;magna@magna.com;Ap #825-543 Tortor, Road
lesley_maynard;lesl;1524286944-7051;torquent.per@Fuscealiquam.org;244-1320 Sapien, Ave
maxine_waller;maxi;1537593016-3022;pharetra.Nam@mauris.com;Ap #692-5486 Tempus St.
donovan_norman;dono;1358327955-5485;et.magnis@pellentesquemassalobortis.ca;Ap #340-6329 Aenean St.
robert_jennings;robe;1732268426-8447;mattis.velit.justo@eu.ca;850-8124 Pede St.
audra_barry;audr;1953538279-5470;vitae.erat@famesacturpis.ca;Ap #991-5108 Vivamus St.
jerome_stokes;jero;1677487340-9882;Donec.luctus@elitCurabitursed.com;7580 Et Rd.
nigel_mullins;nige;1574428386-0347;eros.Proin.ultrices@AliquamnislNulla.org;531-7738 Ac Avenue
drake_winters;drak;1698365838-2675;mus.Proin@acturpis.ca;Ap #326-2620 Ut Rd.
fredericka_wells;fred;1264984672-9478;Cum.sociis.natoque@risus.com;Ap #345-8186 Sed Avenue
jermaine_noble;jerm;1419648803-8974;consectetuer.adipiscing.elit@Integervitae.ca;379-3675 Sit Avenue
rashad_wilder;rash;1343199508-1570;dolor.quam@fringillaeuismodenim.ca;7235 Nisl Street
hayfa_macias;hayf;1939267202-4113;sapien.molestie.orci@feugiat.ca;990-6915 Pede. Av.
wade_richards;wade;1915751690-9581;tristique.senectus@pedeblandit.com;Ap #341-2468 Fusce Road
hakeem_curtis;hake;1172779795-4561;velit.Aliquam@lacus.org;Ap #862-3430 In Rd.
shaeleigh_summers;shae;1732974055-8255;turpis@congue.org;264-1799 Suspendisse St.
tanya_harding;tany;1743132872-8469;dui@sociisnatoquepenatibus.ca;3543 Condimentum Rd.
edan_leon;edan;1549668032-2454;ultrices.a@necmalesuadaut.ca;5517 Et St.
rowan_case;rowa;1317149694-5603;diam.vel.arcu@elitCurabitursed.ca;618-1124 Mauris Road
jarrod_grimes;jarr;1452934250-4901;elementum.dui.quis@facilisismagnatellus.org;8127 Nibh. Street
fay_strickland;fay_;1172686021-2255;Nunc.sed@accumsaninterdum.edu;1041 Dolor St.
sydnee_mcconnell;sydn;1609582499-5572;Phasellus.libero@Duisa.com;9966 Feugiat Road
wynter_sheppard;wynt;1159068528-4877;eu@metusAliquam.edu;4922 Orci, St.
jordan_mathews;jord;1849649444-4413;sagittis@Integer.com;Ap #587-9135 Nunc Street
jessamine_pitts;jess;1455801659-2987;erat.volutpat@tempor.org;P.O. Box 724, 5181 Mattis Avenue
hadassah_meadows;hada;1792648003-8144;tellus.eu@nisidictumaugue.com;Ap #671-8541 Ante Avenue
eagan_byers;eaga;1838364065-7148;fames@velsapienimperdiet.com;9204 Nunc Av.
irene_brennan;iren;1448021104-9313;mollis.dui@perconubianostra.ca;P.O. Box 373, 7766 Augue St.
griffin_mcneil;grif;1924865202-2334;elit.elit@lacusQuisque.ca;Ap #788-5535 A, Street
marshall_curtis;mars;1675412334-2094;posuere@nequeInornare.org;601-7122 Augue Avenue
gregory_gibson;greg;1901573148-5599;nisi.magna.sed@odio.com;Ap #490-5986 Quam. St.
erin_mcpherson;erin;1572215216-7999;tellus.id@etlibero.org;P.O. Box 673, 8707 Sed Avenue
maggy_frazier;magg;1937564035-2404;id.libero@hendrerit.org;693-9275 Eros Avenue
amir_buckley;amir;1827681618-2713;Donec@quislectus.org;378-8214 Integer Street
tanya_hurley;tany;1822723559-2308;fringilla.cursus@Nullam.edu;Ap #138-852 Faucibus Rd.
honorato_burns;hono;1374169980-6121;ornare.Fusce@elementumpurus.com;P.O. Box 475, 8968 Morbi Rd.
cameron_spencer;came;1489421704-9638;lorem.auctor@Phaselluselit.org;361 Iaculis Street
dante_caldwell;dant;1373764502-4555;ipsum@intempuseu.edu;Ap #734-5325 Ligula St.
grant_fulton;gran;1262183565-2398;Pellentesque.tincidunt@luctus.ca;847-4060 Non St.
louis_chen;loui;1538972133-3168;"cubilia.Curae;.Phasellus@ullamcorper.edu";Ap #282-4127 Mollis Rd.
flynn_barton;flyn;1678931469-4315;purus.in.molestie@loremDonecelementum.edu;844-7469 Diam. Rd.
lila_pearson;lila;1319649218-2487;erat@hendrerit.ca;666-110 Urna. St.
keiko_hardy;keik;1692349668-2085;sociis@velvenenatisvel.org;661-2409 Felis. Ave
deborah_gibbs;debo;1469414005-4540;tristique@euismod.edu;6245 Elementum, Road
adria_french;adri;1176799035-0773;a.mi.fringilla@urnasuscipitnonummy.com;Ap #802-5524 Orci, Street
quinlan_vaughn;quin;1417011196-8959;dui@DonecnibhQuisque.ca;Ap #354-1422 Vel Avenue
acton_pierce;acto;1455934341-3614;eget.varius@in.com;Ap #224-8710 Nulla Ave
fuller_james;full;1897995259-2845;nisi.dictum@ipsumdolorsit.org;Ap #593-355 Vehicula. Rd.
velma_pratt;velm;1848674471-3756;hendrerit@ipsumnonarcu.ca;Ap #338-4316 Phasellus Road
desirae_livingston;desi;1981078817-4909;vitae.aliquam.eros@ac.org;868-6991 Mi. Rd.
emery_estes;emer;1285511591-5693;eu.neque.pellentesque@Sedcongueelit.org;672 Ipsum. Road
raphael_mitchell;raph;1139803120-6717;nonummy@turpisegestasAliquam.org;Ap #647-310 At St.
elvis_goodman;elvi;1773848888-7908;vitae@duiFusce.com;341-1276 Velit Street
caleb_coffey;cale;1368392163-9128;nisi@tinciduntvehicula.edu;113-1680 Vel St.
leila_graham;leil;1496518886-1873;mauris.rhoncus@turpis.com;Ap #658-8276 Ut Av.
margaret_bell;marg;1191144640-1680;Fusce.aliquam@lectus.edu;822-5516 Enim. Av.
quinn_stewart;quin;1425195286-3300;Aliquam.vulputate.ullamcorper@varius.ca;479-2115 Auctor. Avenue
mercedes_west;merc;1107576901-0962;ipsum.Donec.sollicitudin@uteratSed.com;878-3450 Nulla Avenue
jennifer_bentley;jenn;1395454462-0489;neque.tellus@Cras.org;269 Nec Street
gemma_gross;gemm;1728554682-1285;nec.tempus.scelerisque@elitfermentumrisus.ca;633-8354 Ullamcorper. Av.